{
  "AWSTemplateFormatVersion" : "2010-09-09",
  "Description" : "Master template to create the Migration Immersion Day workshop. Also, you are solely responsible for complying with the license terms for the software downloaded and installed by this template. By creating a stack from this template, you are agreeing to such terms.",

  "Parameters" : {
    "DomainName" : {
      "Description" : "The fully qualified name for the source VPC, such as onpremsim.env. The name doesn't need to be publicly resolvable; it will resolve inside your VPC only.",
      "Type" : "String",
      "MinLength" : "5",
      "MaxLength" : "16",
      "Default" : "onpremsim.env"
    },
    "AdminPassword" : {
      "Description" : "The password for the Bastion Administrator. must contain exactly 8 characters. please use alphanumeric+special characters. at least one number, one upper case, one lower case and one special (#@$)",
      "NoEcho" : "true",
      "Type" : "String",
      "MinLength" : "8",
      "MaxLength" : "8",
      "AllowedPattern" : "^(?=[a-zA-Z0-9#@$?]{8,}$)(?=.*?[a-z])(?=.*?[A-Z])(?=.*?[0-9]).*",
      "ConstraintDescription" : "must contain exactly 8 characters. please use alphanumeric+special characters. at least one number, one upper case, one lower case and one special (#@$)"
    },
    "RootPassword" : {
      "NoEcho": "true",
      "Description" : "SSH password for user 'user'. This user has sudo power. must contain exactly 8 characters. please use only alphanumeric characters.",
      "Type": "String",
      "MinLength": "8",
      "MaxLength": "8",
      "AllowedPattern" : "[a-zA-Z0-9]*",
      "ConstraintDescription" : "must contain exactly 8 characters. please use only alphanumeric characters."
    },

    "SourceS3Bucket" : {
      "Description" : "S3 Bucket with CFN stack files",
      "Type" : "String",
      "Default" : "ee-assets-prod-us-east-1"
    },

    "SourceS3Path" : {
       "Description" : "S3 Path with CFN stack files",
       "Type" : "String",
       "Default" : "modules/migration-baseinfra/v4"
     },

     "EC2ModelLinux" : {
       "Description" : "Model of EC2 Servers in the source environment - Linux",
       "Type" : "String",
       "AllowedValues" : ["t3.nano", "t3.micro", "t3.small", "t3.medium"],
       "Default" : "t3.small"
     },
     "EC2ModelBastion" : {
      "Description" : "Model of EC2 Servers in the source environment - Windows Bastion",
      "Type" : "String",
      "AllowedValues" : ["t3.micro", "t3.small", "t3.medium"],
      "Default" : "t3.medium"
    },
    "SourceCidrForRDP" : {
      "Description" : "IP Cidr from which you are likely to RDP into the instances. You can add rules later by modifying the created security groups e.g. 54.32.98.160/32",
      "Type" : "String",
      "MinLength" : "9",
      "MaxLength" : "18",
      "Default" : "0.0.0.0/0",
      "AllowedPattern" : "^([0-9]+\\.){3}[0-9]+\\/[0-9]+$"
    },
    "LaunchBastion" : {
      "Description" : "Launch Bastion Server",
      "Default" : "TRUE",
      "Type" : "String",
      "AllowedValues" : ["TRUE", "FALSE"]
    },
    "LaunchWordpress" : {
      "Description" : "Launch Wordpress App",
      "Default" : "TRUE",
      "Type" : "String",
      "AllowedValues" : ["TRUE", "FALSE"]
    },
    "LaunchOFBiz" : {
      "Description" : "Launch OFBiz App",
      "Default" : "TRUE",
      "Type" : "String",
      "AllowedValues" : ["TRUE", "FALSE"]
    },
    "LaunchMF" : {
      "Description" : "Launch Migration Factory",
      "Default" : "TRUE",
      "Type" : "String",
      "AllowedValues" : ["TRUE", "FALSE"]
    },

    "Track" : {
      "Description" : "Track statistics about this workshop. The information collected are: account number, region and timestamp of when this cloudformation was executed",
      "Default" : "TRUE",
      "Type" : "String",
      "AllowedValues" : ["TRUE", "FALSE"]
    },

    "CreateIAM" : {
      "Description" : "Create IAM and CE credentials",
      "Default" : "TRUE",
      "Type" : "String",
      "AllowedValues" : ["TRUE", "FALSE"]
    }

  },
  "Metadata" : {
    "AWS::CloudFormation::Interface" : {
      "ParameterGroups" : [
        {
          "Label" : { "default":"Source Server - Configuration" },
          "Parameters" : [ "AdminPassword", "RootPassword", "EC2ModelBastion", "EC2ModelLinux" ]
        },
        {
          "Label" : { "default" : "Deploy nested stacks" },
          "Parameters" : [ "LaunchMF", "CreateIAM", "LaunchOFBiz", "LaunchWordpress", "LaunchBastion"  ]
        },
        {
          "Label" : { "default":"Networking" },
          "Parameters" : [ "DomainName", "SourceCidrForRDP" ]
        },
        {
          "Label" : { "default":"CloudFormation Stack" },
          "Parameters" : [ "SourceS3Bucket", "SourceS3Path", "Track" ]
        }
      ]
    }
  },

  "Conditions" : {
    "CreateBastion" : {"Fn::Equals" : [{"Ref" : "LaunchBastion"}, "TRUE"]},
    "CreateWordpress" : {"Fn::Equals" : [{"Ref" : "LaunchWordpress"}, "TRUE"]},
    "CreateOFBiz" : {"Fn::Equals" : [{"Ref" : "LaunchOFBiz"}, "TRUE"]},
    "DeployMF" : {"Fn::Equals" : [{"Ref" : "LaunchMF"}, "TRUE"]},
    "DeployIAM" : {"Fn::Equals" : [{"Ref" : "CreateIAM"}, "TRUE"]},
    "MIDTrack" : {"Fn::Equals" : [{"Ref" : "Track"}, "TRUE"]}
  },

  "Resources" : {

      "SOURCENETWORK":{
        "Type" : "AWS::CloudFormation::Stack",
        "Properties" : {
          "TemplateURL" : {"Fn::Join":[ "", ["https://",{"Ref":"SourceS3Bucket"},".s3.amazonaws.com/",{"Ref":"SourceS3Path"},"/SOURCE_NETWORK.json"]]},
          "Tags" : [ {"Key" : "Env" , "Value" : "MID-SOURCE"}, {"Key" : "Stack" , "Value" : "SOURCENETWORK"} ],
          "Parameters" : {
             "DomainName":{"Ref":"DomainName"}
          }
        }
      },

      "CENETWORK":{
        "Type" : "AWS::CloudFormation::Stack",
        "Properties" : {
          "TemplateURL" : "https://s3.amazonaws.com/ee-assets-prod-us-east-1/modules/migration-cloudendure/v2/cfn/CE_NETWORK.json",
          "Tags" : [ {"Key" : "Env" , "Value" : "MID-SOURCE"}, {"Key" : "Stack" , "Value" : "CENETWORK"} ]
        }
      },

      "CEIAM":{
        "Type" : "AWS::CloudFormation::Stack",
        "Condition" : "DeployIAM",
        "Properties" : {
          "TemplateURL" : "https://s3.amazonaws.com/ee-assets-prod-us-east-1/modules/migration-cloudendure/v2/cfn/CE_IAM.json",
          "Tags" : [ {"Key" : "Env" , "Value" : "MID-SOURCE"}, {"Key" : "Stack" , "Value" : "CEIAM"} ]
        }
      },

      "ADSIAM":{
        "Type" : "AWS::CloudFormation::Stack",
        "Condition" : "DeployIAM",
        "Properties" : {
          "TemplateURL" : {"Fn::Join":[ "", ["https://",{"Ref":"SourceS3Bucket"},".s3.amazonaws.com/",{"Ref":"SourceS3Path"},"/IAM_ADS.json"]]},
          "Tags" : [ {"Key" : "Env" , "Value" : "MID-SOURCE"}, {"Key" : "Stack" , "Value" : "ADSIAM"} ]
        }
      },

      "SOURCEBASTION":{
        "Type" : "AWS::CloudFormation::Stack",
        "Condition" : "CreateBastion",
        "Properties" : {
          "TemplateURL" : {"Fn::Join":[ "", ["https://",{"Ref":"SourceS3Bucket"},".s3.amazonaws.com/",{"Ref":"SourceS3Path"},"/SOURCE_BASTION.json"]]},
          "Tags" : [ {"Key" : "Env" , "Value" : "MID-SOURCE"}, {"Key" : "Stack" , "Value" : "SOURCENETWORK"} ],
          "Parameters" : {
             "AdminPassword":{"Ref":"AdminPassword"},
             "bastionSize":{"Ref":"EC2ModelBastion"},
             "VPCSource":{"Fn::GetAtt":["SOURCENETWORK", "Outputs.VPCSource"]},
             "SubnetSourcePublic":{"Fn::GetAtt":["SOURCENETWORK", "Outputs.SubnetSourcePublic"]},
             "SourceCidrForRDP":{"Ref":"SourceCidrForRDP"}
          }

        }
      },
      "SOURCEWORDPRESS":{
        "Type" : "AWS::CloudFormation::Stack",
        "Condition" : "CreateWordpress",
        "Properties" : {
          "TemplateURL" : {"Fn::Join":[ "", ["https://",{"Ref":"SourceS3Bucket"},".s3.amazonaws.com/",{"Ref":"SourceS3Path"},"/SOURCE_WORDPRESS.json"]]},
          "Tags" : [ {"Key" : "Env" , "Value" : "MID-SOURCE"}, {"Key" : "Stack" , "Value" : "SOURCENETWORK"} ],
          "Parameters" : {
             "DomainName":{"Ref":"DomainName"},
             "OnPremSimVPC":{"Fn::GetAtt":["SOURCENETWORK", "Outputs.VPCSource"]},
             "OnPremSimSubnet1":{"Fn::GetAtt":["SOURCENETWORK", "Outputs.SubnetSourcePrivate"]},
             "WEBInstanceType":{"Ref":"EC2ModelLinux"},
             "DBPassword":{"Ref":"RootPassword"},
             "RootPassword":{"Ref":"RootPassword"}
          }
        }
      },
      "SOURCEOFBIZ":{
        "Type" : "AWS::CloudFormation::Stack",
        "Condition" : "CreateOFBiz",
        "Properties" : {
          "TemplateURL" : {"Fn::Join":[ "", ["https://",{"Ref":"SourceS3Bucket"},".s3.amazonaws.com/",{"Ref":"SourceS3Path"},"/SOURCE_OFBiz.json"]]},
          "Tags" : [ {"Key" : "Env" , "Value" : "MID-SOURCE"}, {"Key" : "Stack" , "Value" : "SOURCENETWORK"} ],
          "Parameters" : {
             "DomainName":{"Ref":"DomainName"},
             "OnPremSimVPC":{"Fn::GetAtt":["SOURCENETWORK", "Outputs.VPCSource"]},
             "OnPremSimSubnet1":{"Fn::GetAtt":["SOURCENETWORK", "Outputs.SubnetSourcePrivate"]},
             "WEBInstanceType":{"Ref":"EC2ModelLinux"},
             "DBPassword":{"Ref":"RootPassword"},
             "RootPassword":{"Ref":"RootPassword"}
          }
        }
      },

      "FACTORY":{
        "Type" : "AWS::CloudFormation::Stack",
        "Condition" : "DeployMF",
        "Properties" : {
          "TemplateURL" : "https://awsmigrationfactory.s3.amazonaws.com/template/migration-factory-p-multi-region.yaml",
          "Tags" : [ {"Key" : "Env" , "Value" : "MID-SOURCE"}, {"Key" : "Stack" , "Value" : "FACTORY"} ]
        }
      },

      "Tracker":{
        "Type" : "AWS::CloudFormation::Stack",
        "Condition" : "MIDTrack",
        "Properties" : {
          "TemplateURL" : {"Fn::Join":[ "", ["https://",{"Ref":"SourceS3Bucket"},".s3.amazonaws.com/",{"Ref":"SourceS3Path"},"/TRACKER.yaml"]]},
          "Tags" : [ {"Key" : "Env" , "Value" : "MID-SOURCE"}, {"Key" : "Stack" , "Value" : "MIDTrack"} ],
          "Parameters":{
            "Source":"SelfService"
          }
        }
      }

  },
  "Outputs" : {
      "BastionRDP" : { "Value" : { "Fn::GetAtt" : [ "SOURCEBASTION", "Outputs.BastionRDP" ] } , "Condition": "CreateBastion" },
      "SubnetTargetPublic" : {"Value" : { "Fn::GetAtt" : [ "SOURCENETWORK", "Outputs.SubnetTargetPublic" ] } },
      "SubnetTargetPrivate" : {"Value" : { "Fn::GetAtt" : [ "SOURCENETWORK", "Outputs.SubnetTargetPrivate" ] } },
      "TargetSecurityGroup" : {"Value": { "Fn::GetAtt" : [ "SOURCENETWORK", "Outputs.TargetSecurityGroup" ] } }
  }

}
